"D62","D69","D75","D87","D91","D92","D01","D11","species","distance","site","ID","finalCond"
NA,NA,NA,NA,NA,"8.89","12.5","17.2","TSCA",6.8461364053019,"LF1","LF1001","alive"
"36.83","41.4","45.72",NA,NA,"54.61","58.9","63.6","QURU",6.61668781188897,"LF1","LF1002","alive"
"17.526","18.03","19.56",NA,NA,"21.08","21","21.6","ACRU",7.24020305792593,"LF1","LF1003","alive"
"24.384","25.91","27.43",NA,NA,"29.72","30","30.6","ACRU",10.6951796618851,"LF1","LF1004","alive"
"10.16","12.19","12.7",NA,NA,"14.22","14.4","15","ACRU",9.88839974920108,"LF1","LF1005","alive"
"10.668","10.67","11.43",NA,NA,"12.95",NA,NA,"ACRU",9.74645363196276,"LF1","LF1006","alive"
"24.892","26.42","28.45",NA,NA,"34.8","31.1","31.2","BEAL",11.3984604855217,"LF1","LF1007","alive"
NA,NA,NA,NA,NA,NA,NA,"14","TSCA",6.40261402866048,"LF1","LF1008","alive"
"23.622","25.4","27.69",NA,NA,"31.24","32.6","33.7","FAGR",3.0365484880041,"LF1","LF1009","alive"
"21.59","23.37","25.15",NA,NA,"28.7","29.3","29.9","ACRU",8.43035145174862,"LF1","LF1010","alive"
"14.986","15.75","16.76",NA,NA,"18.8","19.5","20.5","ACRU",13.1629848286777,"LF1","LF1011","alive"
"38.1","41.66","45.97",NA,NA,"52.58","54.6","59.4","QURU",7.3167873277826,"LF1","LF1012","alive"
"22.86","25.4","27.94",NA,NA,"32.77","35.4","40.1","QURU",3.91819184828921,"LF1","LF1013","alive"
"22.606","23.11","23.62",NA,NA,"23.62","23.9","24","ACRU",8.11735678161309,"LF1","LF1014","dead"
"31.242","34.8","37.59",NA,NA,"43.94","45.7","49.4","QURU",12.630825208196,"LF1","LF1015","alive"
"25.908","28.7","31.5",NA,NA,"36.58","39.1","42.2","QURU",11.3392154649253,"LF1","LF1016","alive"
NA,NA,NA,NA,NA,"6.6","8.2","10.2","FAGR",3.10836229548616,"LF1","LF1017","alive"
"18.796","19.81","21.84",NA,NA,"24.64","25.5","26.4","ACRU",3.29691608628427,"LF1","LF1018","alive"
NA,NA,NA,NA,NA,NA,"5.8","9.7","TSCA",6.35162539197645,"LF1","LF1019","alive"
"47.244","50.8","54.86",NA,NA,"60.96","64.1","67.7","QURU",8.40413803789538,"LF1","LF1020","alive"
"15.494","17.53","19.05",NA,NA,"19.81","20.5","20.5","BEAL",10.5860423199608,"LF1","LF1021","alive"
"50.292","53.09","56.39",NA,NA,"61.98","64.6","67","QURU",13.4189909188433,"LF1","LF1022","alive"
"20.574","21.08","21.59",NA,NA,"23.11","24.5","26.5","PIST",19.7309449626722,"LF1","LF1023","alive"
NA,NA,"6.86",NA,NA,"13.72","17.4","22.2","TSCA",18.7922239450258,"LF1","LF1024","alive"
NA,NA,"5.84",NA,NA,"12.95","17","21.7","TSCA",13.0219535308647,"LF1","LF1026","alive"
NA,"5.59","7.11",NA,NA,"13.46","15.5","19.2","TSCA",17.372263106458,"LF1","LF1027","alive"
NA,NA,"6.1",NA,NA,"11.94","15.3","20.4","TSCA",13.6395871491772,"LF1","LF1028","alive"
"28.448","30.48","33.02",NA,NA,"35.81","37",NA,"BEAL",16.5780100760013,"LF1","LF1029","alive"
"29.21","31.75","34.8",NA,NA,"39.12","41.7","44.6","QURU",18.2981571793446,"LF1","LF1030","alive"
"22.352","24.13","25.15",NA,NA,"27.69","28","28.7","QURU",16.899229123247,"LF1","LF1031","alive"
"43.688","47.5","50.8",NA,NA,"55.88","58.3","61.7","QURU",13.4708152270009,"LF1","LF1032","alive"
"17.526","20.07","21.84",NA,NA,"23.37","25.1","27.9","BELE",19.8172746824582,"LF1","LF1034","alive"
"20.32","21.34","22.86",NA,NA,"26.16","27.1","27.6","ACRU",14.0555439083658,"LF1","LF1035","alive"
"16.002","19.05","21.84",NA,NA,"29.21","32.7","36.2","QURU",18.985884103723,"LF1","LF1036","alive"
"25.908","28.7","31.5",NA,NA,"36.58","39.1","42.2","QURU",11.3392154649253,"LF1","LF1037","alive"
"19.558","21.34","23.37",NA,NA,"29.46","32.3","37.3","FAGR",14.9359775307812,"LF1","LF1038","alive"
"32.512","36.07","39.62",NA,NA,"46.23","48.8","53.5","QURU",14.646266396594,"LF1","LF1040","alive"
"30.48","33.02","35.31",NA,NA,"38.1","39.8","43.6","QURU",15.3015975165994,"LF1","LF1041","alive"
"37.338","40.89","42.67",NA,NA,"47.75","50.2","52.5","QURU",17.6948147930404,"LF1","LF1042","alive"
"11.43","12.7","13.72",NA,NA,"17.02","18.5","20.5","ACRU",13.8642125546314,"LF1","LF1043","alive"
"19.812","20.07","20.83",NA,NA,"23.37","24.3",NA,"ACRU",2.36588422371003,"LF1","LF1052","alive"
"14.224","15.24","15.75",NA,NA,"17.53",NA,NA,"QURU",5.79320491610645,"LF1","LF1057","alive"
"5.08","5.33","5.84",NA,NA,NA,NA,NA,"ACRU",6.51053085393196,"LF1","LF1058","alive"
NA,NA,NA,NA,NA,"6.35",NA,NA,"HAVI",8.43723618254224,"LF1","LF1059","alive"
"7.366","7.37","7.62",NA,NA,"7.87","8.1",NA,"ACRU",17.0122366360217,"LF1","LF1060","alive"
"5.588",NA,NA,NA,NA,NA,NA,NA,"ACRU",17.0959926251739,"LF1","LF1061","alive"
"7.62","8.13","8.64",NA,NA,NA,NA,NA,"ACRU",11.4897876325022,"LF1","LF1062","alive"
"5.588","5.33","5.59",NA,NA,NA,NA,NA,"ACRU",11.2073596390943,"LF1","LF1063","alive"
"5.588","5.84","6.35",NA,NA,NA,NA,NA,"HAVI",17.2131060625327,"LF1","LF1064","alive"
"5.842","6.6","7.37",NA,NA,"8.89","9.9",NA,"ACRU",17.7158035346975,"LF1","LF1065","alive"
"7.874","8.64","10.16",NA,NA,"13.21","13.8","14.5","ACRU",17.4329879710852,"LF1","LF1066","alive"
"6.35","6.86","8.64",NA,NA,NA,NA,NA,"ACRU",13.6532029121375,"LF1","LF1067","alive"
NA,"5.33","5.33",NA,NA,NA,NA,NA,"ACRU",13.7835669113622,"LF1","LF1068","alive"
"5.08","5.59","5.84",NA,NA,"7.11","7.9","9.8","BELE",8.91898133196836,"LF1","LF1069","alive"
NA,NA,NA,NA,NA,"9.14","12","15.3","TSCA",12.8097616839659,"LF1","LF1070","alive"
"7.112","8.38","8.38",NA,NA,"8.64","9.4","10.3","ACRU",14.2459359425767,"LF1","LF1071","alive"
"5.334","6.6","8.38",NA,NA,"12.7","15.3","17.9","TSCA",16.1061638337625,"LF1","LF1072","alive"
"5.08","5.33","5.59",NA,NA,NA,NA,NA,"PIST",16.6116,"LF1","LF1073","alive"
"5.08","5.33","5.59",NA,NA,NA,NA,NA,"ACRU",14.6025923232829,"LF1","LF1074","alive"
"6.604","8.13","8.64",NA,NA,"9.65","9.9","10.9","BEAL",17.0796822452878,"LF1","LF1075","alive"
NA,NA,"5.33",NA,NA,NA,NA,NA,"ACRU",14.9918537719656,"LF1","LF1076","alive"
NA,NA,NA,NA,NA,"5.59","6.5","7.9","FAGR",7.78881795396452,"LF1","LF1077","alive"
NA,NA,NA,NA,NA,"5.33","5.9","6.4","FAGR",7.56647199162199,"LF1","LF1078","alive"
NA,NA,NA,NA,NA,"5.84","7","8.4","FAGR",7.97883501270706,"LF1","LF1079","alive"
"7.62",NA,NA,NA,NA,NA,NA,NA,"PIST",19.8143444766664,"LF1","LF1080","alive"
"11.684","12.19",NA,NA,NA,NA,NA,NA,"QURU",19.5951081732151,"LF1","LF1081","alive"
NA,NA,NA,NA,NA,"6.1","6.2",NA,"PIST",19.9055636845581,"LF1","LF1082","alive"
NA,NA,NA,NA,NA,"6.35","7.1","8","ACRU",17.6599973182331,"LF1","LF1083","alive"
"15.24","16","17.02",NA,NA,"16.26","16.6",NA,"ACRU",14.4812080656277,"LF1","LF1084","alive"
"7.366",NA,NA,NA,NA,NA,NA,NA,"ACRU",18.7619193730279,"LF1","LF1085","alive"
"5.334","5.59","6.35",NA,NA,NA,NA,NA,"ACRU",16.1176960388264,"LF1","LF1086","alive"
"9.144","9.65","9.91",NA,NA,NA,NA,NA,"QURU",11.6822329098508,"LF1","LF1087","alive"
"18.034","19.56",NA,NA,NA,NA,NA,NA,"QURU",16.4704850201808,"LF1","LF1088","alive"
"65.278","68.07","70.87",NA,NA,NA,NA,NA,"TSCA",16.9931125483238,"LF1","LF1089","alive"
"6.858",NA,NA,NA,NA,NA,NA,NA,"HAVI",10.7601307427001,"LF1","LF1090","alive"
"11.176","11.18","11.94",NA,NA,"15.24","16.6","17","ACRU",19.6270847392067,"LF1","LF1091","alive"
NA,"5.08","5.08",NA,NA,NA,NA,NA,"BEAL",5.62230018408836,"LF1","LF1092","alive"
"13.716","13.72",NA,NA,NA,NA,NA,NA,"PIST",13.2552960887337,"LF1","LF1093","alive"
NA,"5.33","5.59",NA,NA,NA,NA,NA,"QURU",6.59559311055496,"LF1","LF1094","alive"
NA,NA,"5.08",NA,NA,NA,NA,NA,"HAVI",5.39246247274842,"LF1","LF1095","alive"
"9.398","10.41","10.41",NA,NA,"12.19","13.7","14.8","ACRU",18.1279143378382,"LF1","LF1096","alive"
"11.43","12.19","12.45",NA,NA,NA,NA,NA,"QURU",10.7989138787195,"LF1","LF1097","alive"
"6.604","6.6","6.86",NA,NA,"7.11","7.3","7.4","ACRU",11.618438669632,"LF1","LF1098","alive"
NA,NA,NA,NA,NA,"5.08","6.2","7","HAVI",5.17711570664593,"LF1","LF1099","alive"
NA,NA,NA,NA,NA,"6.1",NA,NA,"HAVI",7.76043785362656,"LF1","LF1100","alive"
NA,NA,NA,NA,NA,"5.84",NA,NA,"ACRU",15.9852998570562,"LF1","LF1101","alive"
"9.144","9.4",NA,NA,NA,NA,NA,NA,"ACRU",15.1850368876733,"LF1","LF1102","alive"
"5.08",NA,NA,NA,NA,NA,NA,NA,"ACRU",14.6153109689804,"LF1","LF1103","alive"
"21.59",NA,NA,NA,NA,NA,NA,NA,"BEAL",14.9048446620554,"LF1","LF1104","alive"
"5.08","5.59",NA,NA,NA,NA,NA,NA,"BEAL",14.9918537719656,"LF1","LF1105","alive"
"5.588","5.59","5.59",NA,NA,NA,NA,NA,"BEAL",9.27013009617449,"LF1","LF1106","alive"
NA,NA,"5.33",NA,NA,NA,NA,NA,"PIST",12.7233465409066,"LF1","LF1107","alive"
"17.78","18.29","18.54",NA,NA,NA,NA,NA,"ACRU",11.0823201036606,"LF1","LF1108","alive"
"6.096","6.86","6.86",NA,NA,NA,NA,NA,"ACRU",10.9833782344049,"LF1","LF1109","alive"
"5.08","5.08","5.33",NA,NA,NA,NA,NA,"BEAL",10.0768557953362,"LF1","LF1110","alive"
"8.89",NA,NA,NA,NA,NA,NA,NA,"QURU",15.6289896640826,"LF1","LF1111","alive"
"11.938","12.19","12.45",NA,NA,NA,NA,NA,"QURU",17.4629387217616,"LF1","LF1112","alive"
"8.128","9.91","11.94",NA,NA,NA,"17",NA,"TSCA",14.4104656468832,"LF1","LF1113","alive"
"7.62","7.62",NA,NA,NA,NA,NA,NA,"QUAL",19.4165016498853,"LF1","LF1114","alive"
"13.97","14.48","15.49",NA,NA,"16.26","16",NA,"ACRU",16.1090476590021,"LF1","LF1115","alive"
"12.446","12.45","12.95",NA,NA,"13.46","13.5",NA,"ACRU",16.3096483493667,"LF1","LF1116","alive"
"14.732","15.24","15.75",NA,NA,NA,NA,NA,"ACRU",15.9350944170406,"LF1","LF1117","alive"
"8.382",NA,NA,NA,NA,NA,NA,NA,"QURU",17.4562874403465,"LF1","LF1118","alive"
NA,NA,NA,NA,NA,"5.84",NA,NA,"FAGR",11.3882678156074,"LF1","LF1119","alive"
NA,NA,NA,NA,NA,"5.84","6.9","7.9","ACRU",19.6140635422648,"LF1","LF1120","alive"
"14.986","15.75","16.26",NA,NA,NA,NA,NA,"QURU",17.8366605753431,"LF1","LF1121","alive"
"6.858",NA,NA,NA,NA,NA,NA,NA,"FRAM",19.6601906888006,"LF1","LF1122","alive"
"12.954","13.72","13.97",NA,NA,"14.22","14.2","14.5","ACRU",16.510625218931,"LF1","LF1123","alive"
"8.89",NA,NA,NA,NA,NA,NA,NA,"ACRU",14.7898684132077,"LF1","LF1124","alive"
"7.62","7.87","8.38",NA,NA,"8.89",NA,NA,"ACRU",19.612879368415,"LF1","LF1125","alive"
"15.494","16","16.26",NA,NA,"16.51",NA,NA,"ACRU",16.4153972696368,"LF1","LF1126","alive"
"10.668","12.7","12.95",NA,NA,NA,NA,NA,"QURU",9.88252603335807,"LF1","LF1127","alive"
"13.97","14.22","14.22",NA,NA,NA,NA,NA,"PRSE",16.020132583721,"LF1","LF1128","alive"
"5.588",NA,NA,NA,NA,NA,NA,NA,"BEPO",19.9055636845581,"LF1","LF1129","alive"
"26.924","29.21","31.5",NA,NA,"35.31","36.9","39.4","QUVE",15.3015975165994,"LF1","LF1130","dead"
"11.43","11.43","11.43",NA,NA,NA,NA,NA,"ACRU",8.65599802218092,"LF1","LF1131","alive"
"8.128",NA,NA,NA,NA,NA,NA,NA,"QUAL",10.8846038862239,"LF1","LF1132","alive"
"11.684","11.94","12.19",NA,NA,NA,NA,NA,"ACRU",8.12450674933562,"LF1","LF1133","alive"
"18.796",NA,NA,NA,NA,NA,NA,NA,"ACRU",7.25942486978135,"LF1","LF1134","alive"
"7.112",NA,NA,NA,NA,NA,NA,NA,"QURU",5.1568881314219,"LF1","LF1135","alive"
"9.398",NA,NA,NA,NA,NA,NA,NA,"QURU",6.54610779012995,"LF1","LF1136","alive"
"5.334",NA,NA,NA,NA,NA,NA,NA,"FRAM",5.8032191066683,"LF1","LF1137","alive"
NA,NA,NA,NA,NA,"7.11","11.6","15.2","TSCA",17.2885021167249,"LF1","LF1138","alive"
NA,NA,NA,NA,NA,NA,"5","8.9","TSCA",11.5864098322129,"LF1","LF1139","alive"
NA,NA,NA,NA,NA,NA,"5.7","7.2","FAGR",1.0776307345283,"LF1","LF1140","alive"
NA,NA,NA,NA,NA,NA,"5.1","6.3","ACRU",13.9843090354869,"LF1","LF1141","alive"
NA,NA,NA,NA,NA,NA,"5.2","6","HAVI",16.0483785050079,"LF1","LF1142","alive"
NA,NA,NA,NA,NA,NA,"5.7","8.1","BELE",18.6924672913984,"LF1","LF1143","alive"
NA,NA,NA,NA,NA,NA,"5.8","6.3","HAVI",5.38815367264149,"LF1","LF1144","alive"
NA,NA,NA,NA,NA,NA,"6.1","9.3","TSCA",2.70053488035241,"LF1","LF1145","alive"
NA,NA,NA,NA,NA,NA,"5.1","5.5","FAGR",2.69623123637421,"LF1","LF1146","alive"
NA,NA,NA,NA,NA,NA,"5","6.1","FAGR",3.47525469570217,"LF1","LF1147","alive"
NA,NA,NA,NA,NA,NA,"6","7.5","ACRU",17.5743038690015,"LF1","LF1148","alive"
NA,NA,NA,NA,NA,NA,"6.4","8.5","BELE",12.630825208196,"LF1","LF1149","alive"
NA,NA,NA,NA,NA,NA,NA,"6.7","TSCA",3.10836229548616,"LF1","LF1150","alive"
NA,NA,NA,NA,NA,NA,NA,"6.3","TSCA",3.6860642425221,"LF1","LF1151","alive"
NA,NA,NA,NA,NA,NA,NA,"6","HAVI",9.16936481987711,"LF1","LF1152","alive"
NA,NA,NA,NA,NA,NA,NA,"5","HAVI",18.5928,"LF1","LF1153","alive"
NA,NA,NA,NA,NA,NA,NA,"5.3","HAVI",9.89074825885282,"LF1","LF1154","alive"
NA,NA,NA,NA,NA,NA,NA,"5.7","BEAL",19.80555125817,"LF1","LF1155","alive"
NA,NA,NA,NA,NA,NA,NA,"5.3","CADE",13.8809547567882,"LF1","LF1156","alive"
NA,NA,NA,NA,NA,NA,NA,"5.2","CADE",18.1381611636902,"LF1","LF1157","alive"
NA,NA,NA,NA,NA,NA,NA,"5.3","CADE",15.6646147223607,"LF1","LF1158","alive"
NA,NA,NA,NA,NA,NA,NA,"5.1","CADE",13.7540472298157,"LF1","LF1159","alive"
NA,NA,NA,NA,NA,NA,NA,"10.5","TSCA",16.1003946336728,"LF1","LF1160","alive"
NA,NA,NA,NA,NA,NA,NA,"6.8","TSCA",16.1176960388264,"LF1","LF1161","alive"
NA,NA,NA,NA,NA,NA,NA,"9.7","TSCA",18.4120393482091,"LF1","LF1162","alive"
NA,NA,NA,NA,NA,NA,NA,"7.1","TSCA",18.2683043942233,"LF1","LF1163","alive"
NA,NA,NA,NA,NA,NA,NA,"7.1","TSCA",17.0824017234111,"LF1","LF1164","alive"
NA,NA,NA,NA,NA,NA,NA,"5","HAVI",5.5222661000716,"LF1","LF1165","alive"
NA,NA,NA,NA,NA,NA,NA,"6.8","HAVI",8.19282896196424,"LF1","LF1166","alive"
NA,NA,NA,NA,NA,NA,NA,"5.7","HAVI",8.33754758187322,"LF1","LF1167","alive"
NA,NA,NA,NA,NA,NA,NA,"5.7","HAVI",8.29145642212513,"LF1","LF1168","alive"
NA,NA,NA,NA,NA,NA,NA,"5.4","HAVI",19.8705289310577,"LF1","LF1169","alive"
NA,NA,NA,NA,NA,NA,NA,"5.2","HAVI",16.2261275528082,"LF1","LF1170","alive"
NA,NA,NA,NA,NA,NA,NA,"6.6","FAGR",3.953597915823,"LF1","LF1171","alive"
NA,NA,NA,NA,NA,NA,NA,"8.1","FAGR",13.6387357126678,"LF1","LF1172","alive"
NA,NA,NA,NA,NA,NA,NA,"5.9","FAGR",16.9773873608397,"LF1","LF1173","alive"
NA,NA,NA,NA,NA,NA,"6.7","10.9","TSCA",14.6089530302483,"LF1","LF1174","alive"
NA,NA,NA,NA,NA,NA,NA,"6.3","TSCA",16.0310022893143,"LF1","LF1175","alive"
NA,NA,NA,NA,NA,NA,NA,"5","TSCA",16.1809762523774,"LF1","LF1176","alive"
NA,NA,NA,NA,NA,NA,NA,"7.7","TSCA",16.0917369553445,"LF1","LF1177","alive"
NA,NA,NA,NA,NA,NA,NA,"5.6","TSCA",15.1850368876733,"LF1","LF1178","alive"
NA,NA,NA,NA,NA,NA,NA,"6.8","PIST",19.0761947903663,"LF1","LF1179","alive"
NA,NA,NA,NA,NA,NA,NA,"6.8","FAGR",18.427800654446,"LF1","LF1180","alive"
NA,NA,NA,NA,NA,NA,NA,"6.1","CADE",7.92626524915739,"LF1","LF1181","alive"
NA,NA,NA,NA,NA,NA,NA,"11.4","TSCA",16.9773873608397,"LF1","LF1182","alive"
NA,NA,NA,NA,NA,NA,NA,"5","HAVI",5.03150856105801,"LF1","LF1183","alive"
NA,NA,NA,NA,NA,NA,NA,"5.5","HAVI",4.94537412942641,"LF1","LF1184","alive"
NA,NA,NA,NA,NA,NA,NA,"5.4","HAVI",5.07288301461802,"LF1","LF1185","alive"
NA,NA,NA,NA,NA,NA,NA,"6.4","HAVI",4.86249150950416,"LF1","LF1186","alive"
NA,"10.67","12.7",NA,"15.49",NA,"16.7","19","ACRU",8.08294889752496,"LF2","LF2001","alive"
NA,"6.1","6.86",NA,"8.89",NA,"10.5","12.3","BEAL",10.3058915422199,"LF2","LF2002","alive"
NA,"12.95","13.97",NA,"15.49",NA,"15.6",NA,"ACRU",10.700607309868,"LF2","LF2003","alive"
NA,"9.91","10.41",NA,"17.02",NA,"18.8","21","ACRU",11.9738304848532,"LF2","LF2004","alive"
NA,"4.57","5.84",NA,"8.38",NA,"9.1","11","BEAL",12.0434576098395,"LF2","LF2005","alive"
NA,"5.59","7.37",NA,"10.41",NA,"11.5","14.2","BEAL",12.260388196138,"LF2","LF2006","alive"
NA,"7.62","8.38",NA,"10.16",NA,"11.8",NA,"ACRU",6.51587977789646,"LF2","LF2007","alive"
NA,"38.1","41.15",NA,"45.21",NA,"48.7","52.7","QURU",3.85845981707728,"LF2","LF2008","alive"
NA,"24.38","25.91",NA,"28.19",NA,"30.2","30.8","QURU",4.53117775418268,"LF2","LF2009","alive"
NA,"42.16","45.21",NA,"51.05",NA,"54.8","58.3","QURU",8.03106067216529,"LF2","LF2010","alive"
NA,"29.21","30.48",NA,"34.04",NA,"35.9","37.9","QURU",11.43,"LF2","LF2011","alive"
NA,"7.87","8.89",NA,"10.92",NA,"11.5","12.5","ACRU",7.49244031808062,"LF2","LF2012","alive"
NA,NA,NA,NA,"7.87",NA,"10.2","12.8","FAGR",9.37600669794983,"LF2","LF2013","alive"
NA,"16.51","18.54",NA,"21.59",NA,"23","24","ACRU",9.62173993412834,"LF2","LF2014","alive"
NA,NA,"5.84",NA,NA,"9.4","11.5","14","BEAL",8.38753998738605,"LF2","LF2015","alive"
NA,"11.43","12.7",NA,NA,"13.72","14.4","15.3","ACRU",8.19282896196424,"LF2","LF2016","alive"
NA,"22.35","24.13",NA,NA,"26.92","28.7","31.3","QURU",10.651658913052,"LF2","LF2017","alive"
NA,"15.24","15.49",NA,NA,"15.24","15.6","15.9","ACRU",12.0048257296805,"LF2","LF2018","alive"
NA,"18.03","19.05",NA,NA,"20.32","21.5","23","ACRU",11.3002313463044,"LF2","LF2019","alive"
NA,"31.24","34.04",NA,NA,"41.15","43.4","48.8","QURU",12.0173947126655,"LF2","LF2020","alive"
NA,"23.88","25.91",NA,NA,"30.48","32.2","35.1","QURU",11.4462444565892,"LF2","LF2021","alive"
NA,"17.27","19.05",NA,"20.32",NA,"20.9","21.4","ACRU",4.23715853845475,"LF2","LF2022","alive"
NA,NA,NA,NA,"6.86",NA,"9.6","13.2","FAGR",3.96532968616734,"LF2","LF2023","alive"
NA,"8.64","10.41",NA,"12.7",NA,"14","15.4","ACRU",7.09110501967077,"LF2","LF2024","alive"
NA,"42.16","44.96",NA,"49.78",NA,"53.7","57.8","QURU",8.1001711093038,"LF2","LF2025","alive"
NA,"31.5","34.8",NA,"41.15",NA,"45.4","50","QURU",7.83786547473226,"LF2","LF2026","alive"
NA,"13.97","14.99",NA,"16",NA,"16.3","16.3","ACRU",7.74245998116878,"LF2","LF2027","dead"
NA,"14.99","16.76",NA,"20.32",NA,"21.1","22.4","ACRU",11.3892874930787,"LF2","LF2028","alive"
NA,"43.18","45.97",NA,"50.04",NA,"53.3","56.4","QURU",12.1318440939537,"LF2","LF2029","alive"
NA,"12.95",NA,NA,"18.54",NA,"19.6","20","ACRU",11.4249188706091,"LF2","LF2030","alive"
NA,"7.11","7.87",NA,"9.4",NA,"10.1","10.7","ACRU",12.6299057668694,"LF2","LF2031","alive"
NA,"14.22","16",NA,"20.57",NA,"22","23.7","ACRU",18.0334991479746,"LF2","LF2032","alive"
NA,"38.35","41.66",NA,"46.99",NA,"50.2","53.4","QURU",14.1740193311566,"LF2","LF2034","alive"
NA,"8.89","11.18",NA,"16.51",NA,"18.7","21.6","BELE",17.0606337607956,"LF2","LF2035","alive"
NA,"61.98","65.53",NA,"69.09",NA,"72.5","75.4","QURU",18.5559125887141,"LF2","LF2036","alive"
NA,"31.24","34.04",NA,NA,"41.15","43.4","48.8","QURU",12.0173947126655,"LF2","LF2038","alive"
NA,"38.61","39.88",NA,NA,"42.93","43.6","45.5","QURU",16.0136072188623,"LF2","LF2039","alive"
NA,"22.35","22.86",NA,NA,"23.88","24.6","25.6","ACRU",18.9718107390939,"LF2","LF2040","alive"
NA,"38.61","39.88",NA,NA,"42.93","43.6","45.5","QUVE",16.0136072188623,"LF2","LF2041","alive"
NA,"32.26","35.05",NA,NA,"41.4","44.5","50","QURU",14.5228484313512,"LF2","LF2042","alive"
NA,"15.49","17.27",NA,NA,"20.83","22.1","23.6","ACRU",17.0932753093139,"LF2","LF2043","alive"
NA,"7.62",NA,NA,NA,"21.08","18.2","19.2","ACRU",14.6025923232829,"LF2","LF2044","alive"
NA,"18.03","19.05",NA,NA,"20.32","21.5","23","ACRU",11.3002313463044,"LF2","LF2045","dead"
NA,"30.48","32.26",NA,"35.56",NA,"37.4","39.6","QURU",15.4676615478876,"LF2","LF2046","alive"
NA,"27.69","29.46",NA,"31.24",NA,"32.6","33.4","QURU",19.1041773609857,"LF2","LF2047","alive"
NA,"24.38","25.4",NA,"27.69",NA,"29.4","33.1","ACRU",17.8613840270008,"LF2","LF2048","alive"
NA,"31.5","33.27",NA,"38.35",NA,"41.1","44.5","QURU",18.3216240895833,"LF2","LF2049","alive"
NA,"35.31","37.59",NA,"42.42",NA,"45.8","49.2","QURU",17.0524636108687,"LF2","LF2050","alive"
NA,"30.48","31.24",NA,NA,NA,NA,NA,"QURU",6.88672650248287,"LF2","LF2052","alive"
NA,"18.29","19.05",NA,"19.81",NA,"20.2",NA,"ACRU",18.9675254685476,"LF2","LF2054","alive"
NA,"10.92","11.18",NA,"11.18",NA,"11.7",NA,"ACRU",6.01159567502672,"LF2","LF2059","alive"
NA,"27.43","28.96",NA,NA,"30.73",NA,NA,"ACRU",17.5921360840576,"LF2","LF2062","alive"
NA,"18.29","19.3",NA,NA,NA,NA,NA,"QURU",2.74743007190356,"LF2","LF2063","alive"
NA,"5.08",NA,NA,NA,NA,NA,NA,"PIST",6.26510450032559,"LF2","LF2064","alive"
NA,"10.16","10.92",NA,"12.7",NA,"12.7",NA,"ACRU",14.2312552924891,"LF2","LF2065","alive"
NA,"9.4","10.16",NA,"10.41",NA,NA,NA,"ACRU",4.26992056132196,"LF2","LF2066","alive"
NA,"6.6",NA,NA,NA,NA,NA,NA,"QUAL",16.5225779780275,"LF2","LF2067","alive"
NA,"9.14","9.91",NA,"10.41",NA,NA,NA,"ACRU",8.14021457211049,"LF2","LF2068","alive"
NA,"4.57","5.33",NA,NA,NA,NA,NA,"PIST",9.9760904967828,"LF2","LF2069","alive"
NA,"11.18","12.19",NA,"14.22",NA,"14.6","15.3","ACRU",14.1083224800116,"LF2","LF2070","alive"
NA,"4.57","4.83",NA,NA,NA,NA,NA,"PIST",13.3669656870959,"LF2","LF2071","alive"
NA,"4.83","5.08",NA,NA,NA,NA,NA,"ACRU",19.8172746824582,"LF2","LF2072","alive"
NA,"11.94","12.7",NA,NA,NA,NA,NA,"PIST",15.6757309494645,"LF2","LF2073","alive"
NA,"7.11",NA,NA,NA,NA,NA,NA,"ACSA",12.260388196138,"LF2","LF2074","alive"
NA,"7.37",NA,NA,NA,NA,NA,NA,"ACSA",18.7458195019583,"LF2","LF2075","alive"
NA,"4.57","5.59",NA,NA,NA,NA,NA,"PIST",11.861772805108,"LF2","LF2076","alive"
NA,"6.35","7.37",NA,NA,NA,NA,NA,"PIST",10.0179094106505,"LF2","LF2077","alive"
NA,"11.68","11.94",NA,"11.68",NA,NA,NA,"ACRU",10.4457943920029,"LF2","LF2078","alive"
NA,"4.32","5.08",NA,NA,NA,NA,NA,"PIST",11.6064382133366,"LF2","LF2079","alive"
NA,"12.19","12.95",NA,"13.72",NA,NA,NA,"QURU",19.7814965177056,"LF2","LF2080","alive"
NA,"5.59","6.35",NA,NA,NA,NA,NA,"PIST",16.0657359271214,"LF2","LF2081","alive"
NA,"5.33","5.59",NA,NA,NA,NA,NA,"PIST",15.5186309138403,"LF2","LF2082","alive"
NA,"8.13","8.89",NA,"9.14",NA,NA,NA,"ACRU",16.7452859181323,"LF2","LF2083","alive"
NA,"4.83",NA,NA,NA,NA,NA,NA,"BEPO",14.0091995488679,"LF2","LF2084","alive"
NA,"6.6","7.37",NA,NA,NA,NA,NA,"PIST",14.5571918390876,"LF2","LF2085","alive"
NA,"5.59",NA,NA,NA,NA,NA,NA,"ACRU",18.7551095757929,"LF2","LF2086","alive"
NA,"6.35","6.86",NA,NA,NA,NA,NA,"ACRU",16.0801861332511,"LF2","LF2087","alive"
NA,"6.35","6.6",NA,NA,NA,NA,NA,"HAVI",15.812188539225,"LF2","LF2088","alive"
NA,"5.08","5.33",NA,NA,NA,NA,NA,"HAVI",15.7592211634966,"LF2","LF2089","alive"
NA,"6.6","6.86",NA,"6.86",NA,"6.9",NA,"ACRU",19.1053930647867,"LF2","LF2090","alive"
NA,"4.32","5.08",NA,NA,NA,NA,NA,"PIST",15.9227006553537,"LF2","LF2091","alive"
NA,"4.32","5.08",NA,NA,NA,NA,NA,"PIST",17.0824017234111,"LF2","LF2092","alive"
NA,"10.16","10.67",NA,NA,NA,NA,NA,"ACRU",16.5296049753163,"LF2","LF2093","alive"
NA,"6.6","7.87",NA,"10.41",NA,"10.8","11.1","ACRU",16.4937359891566,"LF2","LF2094","alive"
NA,"4.83","6.6",NA,NA,NA,NA,NA,"PIST",19.4929072639255,"LF2","LF2095","alive"
NA,"6.1","6.35",NA,NA,NA,NA,NA,"QUAL",18.2657614787887,"LF2","LF2096","alive"
NA,"5.08","5.33",NA,NA,NA,NA,NA,"ACRU",19.191511198444,"LF2","LF2097","alive"
NA,NA,NA,NA,"5.33",NA,NA,NA,"ACRU",14.2059363872995,"LF2","LF2098","alive"
NA,NA,NA,NA,"5.33",NA,NA,NA,"ACRU",11.4715803688943,"LF2","LF2099","alive"
NA,NA,NA,NA,"5.59",NA,"5.8",NA,"ACRU",9.82950464672559,"LF2","LF2100","alive"
NA,NA,NA,NA,"5.33",NA,"5.6","6.4","ACRU",8.87198403064388,"LF2","LF2101","alive"
NA,NA,NA,NA,"6.35",NA,NA,NA,"ACRU",17.3562123517777,"LF2","LF2102","alive"
NA,"7.11","7.87",NA,"9.4",NA,NA,NA,"ACRU",16.9630168496055,"LF2","LF2103","alive"
NA,"10.16","12.19",NA,"12.95",NA,"13.4","13.3","ACRU",16.0483785050079,"LF2","LF2104","alive"
NA,"9.65",NA,NA,NA,NA,NA,NA,"ACRU",16.9547996602732,"LF2","LF2105","alive"
NA,"8.89","9.65",NA,"10.67",NA,"10.9","10.9","ACRU",14.2703701311494,"LF2","LF2106","alive"
NA,"13.97","14.48",NA,"14.99",NA,"14.8",NA,"ACRU",19.1927213703529,"LF2","LF2107","alive"
NA,"8.64","9.14",NA,"9.4",NA,"9.5",NA,"ACRU",14.2459359425767,"LF2","LF2108","alive"
NA,"7.87","8.38",NA,"9.14",NA,"9.2",NA,"ACRU",18.5552867463696,"LF2","LF2109","alive"
NA,NA,"6.1",NA,"7.62",NA,"8.5","8.7","ACRU",12.4334491819446,"LF2","LF2110","alive"
NA,"8.38",NA,NA,NA,NA,NA,NA,"QURU",12.2157892909136,"LF2","LF2111","alive"
NA,"10.16",NA,NA,NA,NA,NA,NA,"QUVE",16.7813092457055,"LF2","LF2112","alive"
NA,"8.64",NA,NA,NA,NA,NA,NA,"ACRU",7.04510107237646,"LF2","LF2113","alive"
NA,NA,"5.33",NA,"6.6",NA,"7.4","7.6","ACRU",15.0906784738129,"LF2","LF2114","alive"
NA,"20.83","21.34",NA,NA,NA,NA,NA,"QUVE",14.0249406929227,"LF2","LF2115","alive"
NA,"5.84","6.1",NA,NA,NA,NA,NA,"ACRU",7.28497505829636,"LF2","LF2116","alive"
NA,"9.14","10.67",NA,"13.97",NA,"14.7","17","ACRU",15.500660863331,"LF2","LF2117","alive"
NA,"7.11","7.11",NA,NA,NA,NA,NA,"ACRU",7.35635920819532,"LF2","LF2118","alive"
NA,"13.97",NA,NA,NA,NA,NA,NA,"PIST",1.73762734785109,"LF2","LF2119","alive"
NA,"6.35",NA,NA,NA,NA,NA,NA,"PIST",1.36310703908387,"LF2","LF2120","alive"
NA,"13.72","14.22",NA,NA,NA,NA,NA,"QUVE",14.8212427980922,"LF2","LF2121","alive"
NA,"7.11","7.11",NA,NA,NA,NA,NA,"ACRU",7.18869362262713,"LF2","LF2122","alive"
NA,"15.24","15.49",NA,NA,NA,NA,NA,"PIST",1.2286880808407,"LF2","LF2123","alive"
NA,"5.08","5.59",NA,"5.59",NA,NA,NA,"ACSA",16.4592,"LF2","LF2124","alive"
NA,"4.57","5.33",NA,NA,NA,NA,NA,"PIST",10.9897202876142,"LF2","LF2125","alive"
NA,"35.05","36.83",NA,"40.13",NA,"42.7","45","QURU",14.087729384113,"LF2","LF2126","dead"
NA,"9.91","10.67",NA,"12.19",NA,"13","13.6","ACRU",17.8834760379519,"LF2","LF2127","alive"
NA,"5.59","5.84",NA,"7.62",NA,NA,NA,"ACRU",4.72685742539375,"LF2","LF2128","alive"
NA,"16.76","17.53",NA,NA,NA,NA,NA,"QURU",4.02636069919226,"LF2","LF2129","alive"
NA,"6.6","7.62",NA,"8.89",NA,"10.1","11","ACRU",16.1644610179245,"LF2","LF2130","alive"
NA,"12.19","12.45",NA,"13.21",NA,NA,NA,"ACRU",3.35626184914109,"LF2","LF2131","alive"
NA,"5.33","5.33",NA,NA,NA,NA,NA,"ACSA",4.86249150950416,"LF2","LF2132","alive"
NA,"18.29","18.8",NA,NA,NA,NA,NA,"QURU",8.96443693714223,"LF2","LF2133","alive"
NA,"6.1","6.35",NA,NA,NA,NA,NA,"ACRU",7.64434510994892,"LF2","LF2134","alive"
NA,"9.91",NA,NA,NA,NA,NA,NA,"QURU",7.97446743550941,"LF2","LF2135","alive"
NA,"4.57","5.08",NA,NA,NA,NA,NA,"PIST",9.65066306530282,"LF2","LF2136","alive"
NA,"7.37",NA,NA,NA,NA,NA,NA,"ACSA",17.0095059399149,"LF2","LF2137","alive"
NA,"5.33","5.33",NA,NA,NA,NA,NA,"ACRU",8.67743705940873,"LF2","LF2138","alive"
NA,"36.83","38.61",NA,"44.2",NA,"47.5","52.7","QURU",18.7030257274057,"LF2","LF2139","alive"
NA,"11.18","11.94",NA,NA,NA,NA,NA,"ACRU",5.38599797994763,"LF2","LF2140","alive"
NA,"5.33","5.59",NA,NA,NA,NA,NA,"ACRU",15.4826699557925,"LF2","LF2141","alive"
NA,"11.18","11.68",NA,NA,NA,NA,NA,"QURU",11.8715589405941,"LF2","LF2142","alive"
NA,"4.83","5.59",NA,NA,NA,NA,NA,"ACRU",16.9376677119372,"LF2","LF2143","alive"
NA,"25.65","26.42",NA,"27.69",NA,NA,NA,"QURU",12.5023743664953,"LF2","LF2144","alive"
NA,"26.92","27.69",NA,NA,NA,NA,NA,"BEAL",9.22492193137698,"LF2","LF2145","alive"
NA,"8.64","8.89",NA,NA,NA,NA,NA,"ACRU",11.6154397178927,"LF2","LF2146","alive"
NA,"8.13","9.4",NA,"12.19",NA,"13.2","14.9","ACRU",19.263384113909,"LF2","LF2147","alive"
NA,"6.86","7.11",NA,"7.11",NA,NA,NA,"ACRU",19.6548738505237,"LF2","LF2148","alive"
NA,"5.08","5.59",NA,NA,NA,NA,NA,"PIST",11.4948400876219,"LF2","LF2149","alive"
NA,"9.14","9.4",NA,NA,NA,NA,NA,"QURU",12.8459730966556,"LF2","LF2150","alive"
NA,"8.13","9.14",NA,"9.4",NA,"10.4","11.1","ACRU",13.5095529933451,"LF2","LF2151","alive"
NA,"8.89","9.91",NA,"17.02",NA,"16.2","18.6","ACRU",16.7536058685884,"LF2","LF2152","alive"
NA,"4.83","5.59",NA,"7.62",NA,"8.1","8.8","ACRU",18.3520229337259,"LF2","LF2153","alive"
NA,"35.31","35.31",NA,"36.83",NA,NA,NA,"QUVE",19.5292141408711,"LF2","LF2154","alive"
NA,"6.86","7.11",NA,NA,NA,NA,NA,"ACRU",18.0740231935228,"LF2","LF2155","alive"
NA,"14.99",NA,NA,NA,NA,NA,NA,"QURU",19.9084804643649,"LF2","LF2156","alive"
NA,"4.32","4.32",NA,NA,NA,NA,NA,"ACRU",19.2217426390013,"LF2","LF2157","alive"
NA,"12.95","14.22",NA,NA,NA,NA,NA,"QURU",18.5365016505273,"LF2","LF2158","alive"
NA,"8.38","8.64",NA,NA,NA,NA,NA,"ACRU",19.612879368415,"LF2","LF2159","alive"
NA,"4.83","5.59",NA,NA,NA,NA,NA,"PIST",19.5452628654618,"LF2","LF2160","alive"
NA,NA,NA,NA,"5.84",NA,"7.4","7.8","PIST",15.0937563197502,"LF2","LF2161","alive"
NA,NA,NA,NA,"5.59",NA,"7.5","8","PIST",15.8085159834818,"LF2","LF2162","alive"
NA,NA,NA,NA,"5.59",NA,"7.7","8.3","PIST",17.4562874403465,"LF2","LF2163","alive"
NA,"8.64",NA,NA,NA,NA,NA,NA,"ACRU",18.1720625048452,"LF2","LF2164","alive"
NA,"14.48","14.48",NA,NA,NA,NA,NA,"ACRU",16.7972179982282,"LF2","LF2165","alive"
NA,"5.08",NA,NA,NA,NA,NA,NA,"HAVI",17.5021298315376,"LF2","LF2166","alive"
NA,"10.67","10.92",NA,NA,NA,NA,NA,"ACRU",14.4812080656277,"LF2","LF2167","alive"
NA,"12.95","12.95",NA,NA,"13.21",NA,NA,"ACSA",14.9980493931711,"LF2","LF2168","alive"
NA,"17.27","17.78",NA,NA,"18.8","19","18.7","ACRU",18.4221281376501,"LF2","LF2169","alive"
NA,"18.29","20.32",NA,NA,"23.11","24.4","25","ACRU",19.1254410207974,"LF2","LF2170","alive"
NA,"9.65",NA,NA,NA,NA,NA,NA,"ACRU",11.5522818940675,"LF2","LF2171","alive"
NA,"7.87",NA,NA,NA,NA,NA,NA,"ACRU",11.2011408133279,"LF2","LF2172","alive"
NA,"12.45","12.45",NA,NA,"12.45",NA,NA,"ACSA",12.0009557019431,"LF2","LF2173","alive"
NA,"6.1",NA,NA,NA,NA,NA,NA,"ACSA",12.7452330476928,"LF2","LF2174","alive"
NA,"11.94","12.19",NA,NA,NA,NA,NA,"ACRU",14.8134054315677,"LF2","LF2175","alive"
NA,"8.13",NA,NA,NA,NA,NA,NA,"ACRU",15.225515116409,"LF2","LF2176","alive"
NA,"9.65","10.16",NA,NA,"10.67","10.6",NA,"ACRU",12.5607558562373,"LF2","LF2177","alive"
NA,"12.7",NA,NA,NA,NA,NA,NA,"BEPO",14.5803079967468,"LF2","LF2178","alive"
NA,"7.11","8.13",NA,NA,NA,NA,NA,"PIST",8.38753998738605,"LF2","LF2179","alive"
NA,"8.13",NA,NA,NA,NA,NA,NA,"QURU",8.13307841349141,"LF2","LF2180","alive"
NA,NA,"9.65",NA,NA,NA,NA,NA,"ACRU",10.3474998719497,"LF2","LF2181","alive"
NA,"13.21","13.46",NA,NA,"13.72",NA,NA,"ACRU",4.99211783514772,"LF2","LF2182","alive"
NA,"6.86","7.11",NA,NA,NA,NA,NA,"QURU",14.416105593398,"LF2","LF2183","alive"
NA,"5.08","6.1",NA,NA,NA,NA,NA,"PIST",10.5728701344526,"LF2","LF2184","alive"
NA,"4.32","4.32",NA,NA,"5.08",NA,NA,"ACRU",15.0868302833962,"LF2","LF2185","alive"
NA,"5.84","6.35",NA,NA,"9.4","6.9","7","ACRU",18.2275751760897,"LF2","LF2186","alive"
NA,"9.91","11.18",NA,NA,"13.46","14","14.8","ACRU",19.0176637555721,"LF2","LF2187","alive"
NA,"11.18",NA,NA,NA,NA,NA,NA,"PIST",0.340776759770968,"LF2","LF2188","alive"
NA,"8.13","8.64",NA,NA,"6.1",NA,NA,"ACRU",1.98705289310577,"LF2","LF2189","alive"
NA,"12.45",NA,NA,NA,NA,NA,NA,"PIST",1.68331301901934,"LF2","LF2190","alive"
NA,"6.6","7.11",NA,NA,NA,NA,NA,"PIST",9.52713336109031,"LF2","LF2191","alive"
NA,NA,"7.11",NA,NA,NA,NA,NA,"ACSA",10.211937250101,"LF2","LF2192","alive"
NA,NA,NA,NA,NA,"5.08","6.7","7.2","ACRU",3.93298311209189,"LF2","LF2193","alive"
NA,NA,NA,NA,NA,"5.33",NA,NA,"HAVI",16.8234690643755,"LF2","LF2194","alive"
NA,NA,NA,NA,NA,"5.59","5.6",NA,"HAVI",14.7898684132077,"LF2","LF2195","alive"
NA,NA,NA,NA,NA,"5.33",NA,NA,"HAVI",15.132943983244,"LF2","LF2196","alive"
NA,NA,NA,NA,NA,"5.33","5.4","5.5","ACRU",18.1765353134199,"LF2","LF2197","alive"
NA,NA,NA,NA,NA,NA,"5.1","8.2","CADE",2.04466055862581,"LF2","LF2198","alive"
NA,NA,NA,NA,NA,NA,"5.4","5.5","PIST",13.8382221112396,"LF2","LF2199","alive"
NA,NA,NA,NA,NA,NA,"6.5","7","ACRU",13.4561519373111,"LF2","LF2200","alive"
NA,NA,NA,NA,NA,NA,"5.2",NA,"ACRU",19.767989579115,"LF2","LF2201","alive"
NA,NA,NA,NA,NA,NA,"5.1","7","CADE",4.10349558303649,"LF2","LF2202","alive"
NA,NA,NA,NA,NA,NA,"5.2","6.6","BEAL",12.2015212822008,"LF2","LF2203","alive"
NA,NA,NA,NA,NA,NA,"5",NA,"PIST",17.7217021394673,"LF2","LF2204","alive"
NA,NA,NA,NA,NA,NA,"5.2","7.4","BEAL",14.9546261417663,"LF2","LF2205","alive"
NA,NA,NA,NA,NA,NA,"5.6","8.7","FAGR",19.6601906888006,"LF2","LF2206","alive"
NA,NA,NA,NA,NA,NA,"5.8",NA,"CADE",13.4086020210908,"LF2","LF2207","alive"
NA,NA,NA,NA,NA,NA,"6.3",NA,"CADE",12.2679633517548,"LF2","LF2208","alive"
NA,NA,NA,NA,NA,NA,"6.8",NA,"CADE",19.7403597049294,"LF2","LF2209","alive"
NA,NA,NA,NA,NA,NA,"5","6","HAVI",16.9602782288499,"LF2","LF2210","alive"
NA,NA,NA,NA,NA,NA,"5.1","6.1","HAVI",14.7221870766541,"LF2","LF2211","alive"
NA,NA,NA,NA,NA,NA,"5.1","7.4","CADE",6.48372004330847,"LF2","LF2212","alive"
NA,NA,NA,NA,NA,NA,"5.7","6.6","HAVI",17.6705154831431,"LF2","LF2213","alive"
NA,NA,NA,NA,NA,NA,NA,"5.2","HAVI",16.2661568269828,"LF2","LF2214","alive"
NA,NA,NA,NA,NA,NA,NA,"5.3","FAGR",17.406321817087,"LF2","LF2215","alive"
NA,NA,NA,NA,NA,NA,NA,"7.7","CADE",17.9288738742845,"LF2","LF2216","alive"
NA,NA,NA,NA,NA,NA,NA,"5.2","CADE",8.70816320471774,"LF2","LF2217","alive"
NA,NA,NA,NA,NA,NA,NA,"6.2","CADE",19.042683394942,"LF2","LF2218","alive"
NA,NA,NA,NA,NA,NA,NA,"6.1","BELE",7.08946716192409,"LF2","LF2219","alive"
NA,NA,NA,NA,NA,NA,NA,"5","BEAL",9.81176718027899,"LF2","LF2220","alive"
NA,NA,NA,NA,NA,NA,NA,"6","BEAL",12.8604291125919,"LF2","LF2221","alive"
NA,NA,NA,NA,NA,NA,NA,"5.4","BEAL",12.6087401115258,"LF2","LF2222","alive"
NA,NA,NA,NA,NA,NA,NA,"6.2","BEAL",17.2319860027798,"LF2","LF2223","alive"
NA,NA,NA,NA,NA,NA,NA,"5.2","PIST",16.4457889807695,"LF2","LF2224","alive"
NA,NA,NA,NA,NA,NA,NA,"5.2","HAVI",17.0388379885484,"LF2","LF2225","alive"
NA,NA,NA,NA,NA,NA,NA,"6.7","BELE",14.9732515266391,"LF2","LF2226","alive"
NA,NA,NA,NA,NA,NA,NA,"6.5","HAVI",17.1427985253284,"LF2","LF2227","alive"
NA,NA,NA,NA,NA,NA,NA,"7.9","BEAL",7.7709057387154,"LF2","LF2228","alive"
NA,NA,NA,NA,NA,NA,NA,"5.1","CADE",10.3239049123866,"LF2","LF2229","alive"
NA,NA,NA,NA,NA,NA,NA,"5.6","ACRU",4.572,"LF2","LF2230","alive"
NA,NA,NA,NA,NA,NA,NA,"5.3","ACRU",4.66503345325626,"LF2","LF2231","alive"
NA,"24.13","25.65",NA,"29.46",NA,"31.2","35.5","QURU",12.1050121784325,"LF3","LF3001","alive"
NA,"15.75","16.51",NA,"18.29",NA,"19.5","20.1","QURU",11.1502239116531,"LF3","LF3002","alive"
NA,"20.83","23.37",NA,"27.18",NA,"30.2","32.6","QURU",0.549486014380712,"LF3","LF3004","alive"
NA,"15.49","16.26",NA,"17.27",NA,"18.3","19.1","QURU",6.12071489942147,"LF3","LF3005","alive"
NA,"46.48","49.02",NA,"53.85",NA,"57","60.7","QURU",11.0539912864087,"LF3","LF3006","alive"
NA,NA,NA,NA,"6.35",NA,"8","9.7","HAVI",8.31942094138769,"LF3","LF3007","alive"
NA,"19.81","22.1",NA,"23.11",NA,"24.3","24.9","QURU",11.6154397178927,"LF3","LF3008","alive"
NA,"24.38","26.16","28.19",NA,NA,"32.6","34.6","ACRU",8.26480248765813,"LF3","LF3009","alive"
NA,"34.8","37.59","40.13",NA,NA,"45",NA,"FAGR",9.81650030509855,"LF3","LF3010","alive"
NA,"22.1","23.62","25.91",NA,NA,"33.4","35.5","ACRU",11.1126669130322,"LF3","LF3011","alive"
NA,"21.08","21.34","22.35",NA,NA,"24.1","24.9","PIST",12.3481623896028,"LF3","LF3012","alive"
NA,"13.97","14.48","15.24",NA,NA,"15.6","15.6","ACRU",8.86019575404517,"LF3","LF3013","alive"
NA,"28.19","30.99","35.05",NA,NA,"41.8","47.1","QURU",1.92772446163864,"LF3","LF3014","alive"
NA,NA,"5.08","7.37",NA,NA,"9.8","11.6","BEAL",2.95907274665561,"LF3","LF3015","alive"
NA,"10.16","10.92","11.94",NA,NA,"13","13.7","ACRU",4.1176212550452,"LF3","LF3016","dead"
NA,"44.2",NA,"48.26",NA,NA,"50.1","50.6","ACRU",10.5332547448545,"LF3","LF3017","alive"
NA,"25.15","25.65",NA,NA,NA,NA,NA,"QURU",9.20728103187906,"LF3","LF3018","alive"
NA,"21.59","24.38","28.45",NA,NA,"33.9","38.4","QURU",11.631425192125,"LF3","LF3019","alive"
NA,NA,NA,NA,NA,NA,"6.8","9.8","BEAL",11.3146095434177,"LF3","LF3020","alive"
NA,"38.86","40.39",NA,"48.77",NA,"52.3","57.7","QURU",13.2105397558162,"LF3","LF3021","alive"
NA,"19.81","20.07",NA,"22.1",NA,"23.3","24.6","QURU",10.7179573128465,"LF3","LF3022","alive"
NA,"18.03","18.8",NA,"20.83",NA,"22.1","22.9","QURU",8.29845638658179,"LF3","LF3023","alive"
NA,"10.92","11.43",NA,"13.21",NA,"15.2","16.8","ACRU",10.2425952726836,"LF3","LF3024","alive"
NA,"11.18","11.18",NA,"12.19",NA,"12.4","12.7","ACRU",9.27013009617449,"LF3","LF3025","alive"
NA,"14.99","15.75",NA,"17.53",NA,"18.2","19","QURU",12.074274119797,"LF3","LF3026","alive"
NA,"24.38","26.67",NA,"31.5",NA,"34.4","37.6","QURU",10.1731994259427,"LF3","LF3027","alive"
NA,"19.81","20.83",NA,"23.37",NA,"24.8","25.7","QURU",13.7202326802427,"LF3","LF3028","alive"
NA,"22.1","24.13",NA,"28.45",NA,"31.3","35.2","QURU",16.3409474241857,"LF3","LF3029","alive"
NA,"24.64","25.15",NA,"26.42",NA,"27.3",NA,"QURU",17.5657115312759,"LF3","LF3030","alive"
NA,"33.02","35.56",NA,"41.15",NA,"44.9","49.2","QURU",15.1949754906021,"LF3","LF3031","alive"
NA,"40.13","41.15",NA,"44.7",NA,"46.7","48.2","QURU",18.9626268306899,"LF3","LF3032","alive"
NA,"19.81","21.34",NA,"25.65",NA,"28.9","33","QURU",16.1608685162648,"LF3","LF3033","alive"
NA,"21.08","22.61","25.15",NA,NA,"29.5","32.8","QURU",18.6663561393219,"LF3","LF3034","alive"
NA,"21.08","22.1","23.62",NA,NA,"26.5","27.4","ACRU",19.3571998512182,"LF3","LF3035","alive"
NA,"14.99","17.27","20.83",NA,NA,"25.5","28.4","ACRU",15.3765482732634,"LF3","LF3036","alive"
NA,"32","34.8","37.85",NA,NA,"42.6","45.5","QURU",17.7236679048102,"LF3","LF3037","alive"
NA,"33.27","35.56","38.35",NA,NA,"42.8","45","QURU",17.4169931779283,"LF3","LF3038","alive"
NA,"27.43","29.21","31.24",NA,NA,"34.6","36.2","QURU",15.4293240292632,"LF3","LF3039","alive"
NA,"34.8","36.58","38.35",NA,NA,"40.1","41.8","QURU",17.9857828653634,"LF3","LF3040","alive"
NA,"36.83","38.61","40.39",NA,NA,"42.9","45.1","QURU",15.0937563197502,"LF3","LF3041","alive"
NA,"27.94","28.96","30.23",NA,NA,"31.4","32.3","QURU",13.9051951442617,"LF3","LF3042","alive"
NA,"40.13","42.16","45.72",NA,NA,"50.8","54","QURU",15.8708338533298,"LF3","LF3043","alive"
NA,"19.56","22.1","22.86",NA,NA,"26","27.4","QURU",18.9913882336179,"LF3","LF3044","alive"
NA,"27.69","29.97",NA,"34.8",NA,"38.2","41.9","QURU",16.6862341731141,"LF3","LF3045","alive"
NA,"15.24","15.75",NA,"19.05",NA,"20.8","22.6","ACRU",15.7090324336033,"LF3","LF3046","alive"
NA,"17.27","18.54",NA,"21.84",NA,"23","24.2","QUVE",14.0216282364068,"LF3","LF3048","alive"
NA,"17.53","18.54",NA,"20.07",NA,"20.5","20.9","ACRU",17.9967559076629,"LF3","LF3049","alive"
NA,"23.37","25.4",NA,"28.96",NA,"30.9","33.1","QURU",19.9183943208282,"LF3","LF3050","alive"
NA,"17.02","18.03",NA,"19.3",NA,"19.7",NA,"QURU",16.466254043953,"LF3","LF3052","alive"
NA,"19.81","21.34",NA,"23.62",NA,"24.6","26.2","QURU",16.561890761625,"LF3","LF3053","alive"
NA,"8.64","10.16",NA,"14.48",NA,"17.6","22","FAGR",16.8951055160955,"LF3","LF3054","alive"
NA,"14.73",NA,NA,NA,NA,NA,NA,"QURU",0.963862230819322,"LF3","LF3055","alive"
NA,"18.29","19.56",NA,"21.08",NA,"21.9",NA,"QURU",5.06601073824365,"LF3","LF3056","alive"
NA,"20.83","22.1","22.86",NA,NA,"24.1",NA,"QURU",9.14653964732018,"LF3","LF3057","alive"
NA,"25.15","25.65",NA,NA,NA,NA,NA,"QURU",9.20728103187906,"LF3","LF3058","alive"
NA,"16","17.02",NA,NA,NA,NA,NA,"QURU",3.36662603803868,"LF3","LF3061","alive"
NA,"16.76","17.53",NA,NA,NA,NA,NA,"QURU",12.5542824311069,"LF3","LF3064","alive"
NA,NA,"13.97",NA,"14.73",NA,NA,NA,"QURU",5.40536826497511,"LF3","LF3068","alive"
NA,"15.75","16.26","19.56",NA,NA,"17.6",NA,"QURU",7.35635920819532,"LF3","LF3069","alive"
NA,"16.51","16.51",NA,"18.54",NA,"18.7",NA,"QURU",8.81947108618198,"LF3","LF3072","alive"
NA,"23.37","24.38",NA,NA,NA,NA,NA,"QURU",17.3501894906079,"LF3","LF3080","alive"
NA,"6.86","7.37",NA,"9.4",NA,"9.9","10.1","ACRU",15.4676615478876,"LF3","LF3081","alive"
NA,"5.59","5.84",NA,NA,NA,NA,NA,"ACRU",1.83513901380795,"LF3","LF3082","alive"
NA,"8.38","8.38",NA,NA,NA,NA,NA,"ACRU",15.6520067876295,"LF3","LF3083","alive"
NA,"4.57","5.33",NA,"6.6",NA,"7","7.1","BEAL",12.1557511129506,"LF3","LF3084","alive"
NA,"12.45","12.7",NA,NA,NA,NA,NA,"QURU",10.9069859594665,"LF3","LF3085","alive"
NA,"11.18","11.43",NA,NA,NA,NA,NA,"QURU",4.99211783514772,"LF3","LF3086","alive"
NA,"9.65","9.91",NA,NA,NA,NA,NA,"QURU",2.99418492414881,"LF3","LF3087","alive"
NA,"13.72","14.48",NA,"15.75",NA,NA,NA,"QURU",6.1717296117053,"LF3","LF3088","alive"
NA,"10.67","12.95",NA,NA,NA,NA,NA,"QURU",9.55269653239335,"LF3","LF3089","alive"
NA,"5.59","5.84",NA,"6.1",NA,NA,NA,"ACRU",16.1895862084242,"LF3","LF3090","alive"
NA,"9.91","9.91",NA,NA,NA,NA,NA,"QURU",15.8803432607737,"LF3","LF3091","alive"
NA,"8.38",NA,NA,NA,NA,NA,NA,"QURU",14.6534006701516,"LF3","LF3092","alive"
NA,"11.18","12.45",NA,NA,NA,NA,NA,"QURU",9.70825082494267,"LF3","LF3093","alive"
NA,"4.83","5.08",NA,NA,NA,NA,NA,"ACRU",14.8361223882792,"LF3","LF3094","alive"
NA,"9.65","9.91",NA,NA,NA,NA,NA,"QURU",11.2590496082041,"LF3","LF3095","alive"
NA,"7.87","8.13",NA,NA,NA,NA,NA,"ACRU",9.42665146061951,"LF3","LF3096","alive"
NA,"4.57","5.33",NA,"6.35",NA,"7.7","8.4","HAVI",8.60081656588489,"LF3","LF3097","alive"
NA,"5.33","5.59",NA,"6.6",NA,"7.3","7.9","ACRU",19.3211707844012,"LF3","LF3098","alive"
NA,"6.1","7.11",NA,"11.68",NA,"14.1","17.1","BELE",13.0460097071863,"LF3","LF3099","alive"
NA,"9.14","9.14",NA,NA,NA,NA,NA,"ACRU",9.98074569558808,"LF3","LF3100","alive"
NA,"21.34","21.34",NA,NA,NA,NA,NA,"ACRU",14.2459359425767,"LF3","LF3101","alive"
NA,"11.68","11.68",NA,"11.68",NA,NA,NA,"ACRU",11.0245363657616,"LF3","LF3102","alive"
NA,"9.14","9.4",NA,NA,NA,NA,NA,"ACRU",15.49166802123,"LF3","LF3103","alive"
NA,"5.84","6.86",NA,"7.62",NA,"7.8",NA,"ACRU",18.4051000975273,"LF3","LF3104","alive"
NA,"5.33","6.35",NA,"11.18",NA,"13.8","16.5","BELE",17.5743038690015,"LF3","LF3105","alive"
NA,"24.89","26.92",NA,"31.24",NA,"34.5","38.2","QURU",19.9992703106888,"LF3","LF3106","alive"
NA,NA,"5.08",NA,NA,NA,NA,NA,"ACRU",19.4141091291875,"LF3","LF3107","alive"
NA,"15.49","15.75",NA,NA,NA,NA,NA,"QURU",19.9434485483329,"LF3","LF3108","alive"
NA,NA,NA,NA,"5.08",NA,"7.1","8.7","BELE",19.2832678143514,"LF3","LF3109","alive"
NA,NA,NA,NA,"6.6",NA,"7.7","8.4","BEAL",13.8088192688586,"LF3","LF3110","alive"
NA,NA,NA,NA,"6.35",NA,"6.8",NA,"HAVI",8.44961456162351,"LF3","LF3111","alive"
NA,NA,NA,NA,"7.37",NA,"8.6","9.4","BEAL",9.4794760108352,"LF3","LF3112","alive"
NA,NA,NA,NA,"6.86",NA,"8.9","9.9","BELE",14.542825398113,"LF3","LF3113","alive"
NA,NA,NA,NA,"5.59",NA,NA,NA,"ACRU",13.9318942114847,"LF3","LF3114","alive"
NA,NA,NA,NA,"6.1",NA,"6.6","6.5","ACRU",18.6825244889442,"LF3","LF3115","alive"
NA,"7.87","9.4","12.45",NA,NA,"15.7","16.7","BEAL",19.7750378285352,"LF3","LF3116","alive"
NA,"14.99","15.24",NA,NA,NA,NA,NA,"QURU",17.9243392648097,"LF3","LF3117","alive"
NA,"21.08",NA,NA,NA,NA,NA,NA,"ACRU",16.899229123247,"LF3","LF3118","alive"
NA,"7.11","7.11",NA,NA,NA,NA,NA,"ACRU",11.4533441614229,"LF3","LF3119","alive"
NA,"7.11",NA,NA,NA,NA,NA,NA,"ACRU",10.8375582268332,"LF3","LF3120","alive"
NA,"11.18","11.18",NA,NA,NA,NA,NA,"QURU",6.66564917168613,"LF3","LF3121","alive"
NA,"4.57","5.08","6.1",NA,NA,"6.6",NA,"ACRU",6.81553519541936,"LF3","LF3122","alive"
NA,"10.16",NA,NA,NA,NA,NA,NA,"QURU",1.09897202876142,"LF3","LF3123","alive"
NA,"11.68","11.68",NA,NA,NA,NA,NA,"ACRU",9.28139773094549,"LF3","LF3124","alive"
NA,"9.65","10.16",NA,NA,NA,NA,NA,"QURU",16.4457889807695,"LF3","LF3125","alive"
NA,"8.38","8.64","8.64",NA,NA,"9.2",NA,"ACRU",16.4288330979409,"LF3","LF3126","alive"
NA,"6.35","6.6","7.87",NA,NA,NA,NA,"ACRU",16.3750236396776,"LF3","LF3127","alive"
NA,"10.41","10.41","10.41",NA,NA,"10.7","11","ACRU",15.9110271195797,"LF3","LF3128","alive"
NA,"8.13","8.13","8.38",NA,NA,NA,NA,"ACRU",15.6883198182597,"LF3","LF3129","alive"
NA,"7.37","7.87","8.13",NA,NA,"9.3","10.5","ACRU",13.0210617078639,"LF3","LF3130","alive"
NA,"5.33","5.33",NA,NA,NA,NA,NA,"ACRU",11.9495595098732,"LF3","LF3131","alive"
NA,"12.7","13.21","13.46",NA,NA,"13.4",NA,"ACRU",18.2676686985505,"LF3","LF3132","alive"
NA,"11.18","12.19","12.95",NA,NA,"14.5","14.2","ACRU",18.1304765872274,"LF3","LF3133","alive"
NA,"7.11","7.37","7.87",NA,NA,NA,NA,"ACRU",17.4349862884948,"LF3","LF3134","alive"
NA,"11.68",NA,NA,NA,NA,NA,NA,"ACRU",19.3637979084683,"LF3","LF3135","alive"
NA,"8.89","8.89","8.89",NA,NA,NA,NA,"ACRU",15.9729450509291,"LF3","LF3136","alive"
NA,NA,NA,"5.59",NA,NA,"6.3","6.7","ACRU",12.7151293882524,"LF3","LF3137","alive"
NA,"5.08","5.08",NA,"5.33",NA,"5.5","5.7","ACRU",19.1866697475096,"LF3","LF3138","alive"
NA,"5.08","5.59",NA,"6.6",NA,"7.1","8.6","ACRU",18.4145620637581,"LF3","LF3139","alive"
NA,"13.72","13.97",NA,NA,NA,NA,NA,"QURU",19.5702013888463,"LF3","LF3140","alive"
NA,"8.89","8.89",NA,NA,NA,NA,NA,"ACRU",18.6613784442629,"LF3","LF3141","alive"
NA,"8.89",NA,NA,NA,NA,NA,NA,"ACRU",18.6906034188305,"LF3","LF3142","alive"
NA,"13.21","13.46",NA,NA,NA,NA,NA,"ACRU",18.4806601830129,"LF3","LF3143","alive"
NA,"5.08","5.84",NA,"7.62",NA,"8.5","9.7","BEAL",17.8938628406501,"LF3","LF3144","alive"
NA,"13.72",NA,NA,NA,NA,NA,NA,"QURU",14.5300433034455,"LF3","LF3145","alive"
NA,"10.16",NA,NA,NA,NA,NA,NA,"PRSE",16.2046426236434,"LF3","LF3146","alive"
NA,"8.13",NA,NA,NA,NA,NA,NA,"ACRU",14.7481945471302,"LF3","LF3147","alive"
NA,"14.99","16.51",NA,"17.53",NA,"18.1","18.6","ACRU",18.427800654446,"LF3","LF3148","alive"
NA,"9.65",NA,NA,NA,NA,NA,NA,"ACRU",17.5657115312759,"LF3","LF3149","alive"
NA,"9.4",NA,NA,NA,NA,NA,NA,"ACRU",17.3501894906079,"LF3","LF3150","alive"
NA,"8.89","9.4",NA,"11.18",NA,"12.4","13","BEAL",16.28114243166,"LF3","LF3151","alive"
NA,"6.86","6.86",NA,NA,NA,NA,NA,"ACRU",13.4086020210908,"LF3","LF3152","alive"
NA,"7.62","7.87",NA,NA,NA,NA,NA,"ACRU",11.4584126858828,"LF3","LF3153","alive"
NA,"18.54","18.8",NA,"18.8",NA,NA,NA,"ACRU",17.8938628406501,"LF3","LF3154","alive"
NA,"11.68","11.94",NA,"12.7",NA,"13.4","14","ACRU",17.2918603464173,"LF3","LF3155","alive"
NA,"10.41","10.92",NA,"12.19",NA,"13.3",NA,"ACRU",10.0733979093452,"LF3","LF3156","alive"
NA,"9.91",NA,NA,NA,NA,NA,NA,"QURU",12.6638806374665,"LF3","LF3157","alive"
NA,"10.41","10.67",NA,NA,NA,NA,NA,"ACRU",9.59636068517644,"LF3","LF3158","alive"
NA,"10.16","10.41",NA,NA,NA,NA,NA,"ACRU",9.32508688645849,"LF3","LF3159","alive"
NA,"8.64",NA,NA,NA,NA,NA,NA,"ACSA",19.8383593878123,"LF3","LF3160","alive"
NA,"9.4","9.4",NA,NA,NA,NA,NA,"ACRU",12.5976830441157,"LF3","LF3161","alive"
NA,"17.27","17.27",NA,"17.27",NA,NA,NA,"ACRU",17.3307682553313,"LF3","LF3162","alive"
NA,"12.19","12.45",NA,NA,NA,NA,NA,"ACRU",12.6381783307564,"LF3","LF3163","alive"
NA,"7.87","8.89",NA,NA,NA,NA,NA,"ACRU",10.3654409341812,"LF3","LF3164","alive"
NA,"13.72","13.72",NA,NA,NA,NA,NA,"ACRU",12.8595260876908,"LF3","LF3165","alive"
NA,"9.91",NA,NA,NA,NA,NA,NA,"ACRU",12.3904105500988,"LF3","LF3166","alive"
NA,"5.59","6.35",NA,NA,NA,NA,NA,"ACRU",16.2904123262734,"LF3","LF3167","alive"
NA,"7.62",NA,NA,NA,NA,NA,NA,"ACRU",10.7687612880962,"LF3","LF3168","alive"
NA,"7.37",NA,NA,NA,NA,NA,NA,"ACRU",10.4979155645299,"LF3","LF3169","alive"
NA,"6.1","6.35",NA,NA,NA,NA,NA,"ACRU",6.46937551236593,"LF3","LF3170","alive"
NA,"9.14","9.4",NA,NA,NA,NA,NA,"ACRU",10.7719959598953,"LF3","LF3171","alive"
NA,"7.37",NA,NA,NA,NA,NA,NA,"ACRU",6.57443072516549,"LF3","LF3172","alive"
NA,"5.08",NA,NA,NA,NA,NA,NA,"ACRU",10.4313319187916,"LF3","LF3173","alive"
NA,"6.86","6.86",NA,NA,NA,NA,NA,"ACRU",19.6973683724502,"LF3","LF3174","alive"
NA,"5.59",NA,NA,NA,NA,NA,NA,"ACRU",13.4198562972932,"LF3","LF3175","alive"
NA,"6.6",NA,NA,NA,NA,NA,NA,"ACRU",13.125878548882,"LF3","LF3176","alive"
NA,"5.59",NA,NA,NA,NA,NA,NA,"QURU",13.4914892106098,"LF3","LF3177","alive"
NA,"11.94",NA,NA,NA,NA,NA,NA,"QURU",16.036072297168,"LF3","LF3178","alive"
NA,"17.02",NA,NA,NA,NA,NA,NA,"QURU",10.4012302195461,"LF3","LF3179","alive"
NA,"8.89",NA,NA,NA,NA,NA,NA,"QURU",16.1802585492321,"LF3","LF3180","alive"
NA,"14.48","15.24",NA,"15.75",NA,NA,NA,"QURU",14.4980387639156,"LF3","LF3181","alive"
NA,"8.89","9.4",NA,"10.41",NA,"11.1","11.4","ACRU",16.7750799747721,"LF3","LF3182","alive"
NA,"7.37","7.62",NA,NA,NA,NA,NA,"ACRU",16.4704850201808,"LF3","LF3183","alive"
NA,NA,NA,NA,"5.33",NA,"6.8","8.2","ACRU",14.8079168068976,"LF3","LF3184","alive"
NA,NA,NA,NA,"6.1",NA,"6.7","7.2","FAGR",16.8558809345581,"LF3","LF3185","alive"
NA,"15.49","16",NA,NA,NA,NA,NA,"QURU",18.9203234348676,"LF3","LF3186","alive"
NA,"4.32",NA,NA,NA,NA,NA,NA,"ACRU",19.3313858375441,"LF3","LF3187","alive"
NA,"4.83","5.08","5.08",NA,NA,NA,NA,"ACRU",18.3703645255068,"LF3","LF3188","alive"
NA,"5.08","5.59",NA,NA,NA,NA,NA,"ACRU",17.5465288464699,"LF3","LF3189","alive"
NA,"5.84","5.84","6.1",NA,NA,NA,NA,"ACRU",16.3324172613854,"LF3","LF3190","alive"
NA,"8.89","9.4","10.16",NA,NA,"10.6","11.4","ACRU",17.5518227156042,"LF3","LF3191","alive"
NA,"13.97","14.48",NA,NA,NA,NA,NA,"QURU",16.4986638004415,"LF3","LF3192","alive"
NA,"8.13","8.64","9.14",NA,NA,"9.2",NA,"ACRU",17.1238202513341,"LF3","LF3193","alive"
NA,"5.33","6.35","7.37",NA,NA,"9","10.8","ACRU",16.413982332146,"LF3","LF3194","alive"
NA,NA,NA,"5.33",NA,NA,"5.2",NA,"ACRU",14.2394130777922,"LF3","LF3195","alive"
NA,"16","16.51","17.27",NA,NA,"18.3","18.8","ACRU",14.4619489972825,"LF3","LF3196","alive"
NA,"5.08","5.08",NA,NA,NA,NA,NA,"ACRU",14.7977182457296,"LF3","LF3197","alive"
NA,"5.08",NA,NA,NA,NA,NA,NA,"ACRU",14.4136887436908,"LF3","LF3198","alive"
NA,"6.35",NA,NA,NA,NA,NA,NA,"ACRU",10.8814026889919,"LF3","LF3199","alive"
NA,"8.64","8.89",NA,NA,NA,NA,NA,"ACRU",10.8536194294807,"LF3","LF3200","alive"
NA,"4.83","5.08","5.08",NA,NA,NA,NA,"ACRU",11.4584126858828,"LF3","LF3201","alive"
NA,"8.89","9.4","9.4",NA,NA,NA,NA,"ACRU",18.4101470846922,"LF3","LF3202","alive"
NA,"11.94","11.94","17.53",NA,NA,NA,NA,"ACRU",11.4665176649234,"LF3","LF3203","alive"
NA,"6.35","7.62",NA,NA,NA,NA,NA,"ACRU",10.5464764087348,"LF3","LF3204","alive"
NA,"13.46","13.72",NA,NA,NA,NA,NA,"QURU",9.00063613751828,"LF3","LF3205","alive"
NA,"12.7",NA,NA,NA,NA,NA,NA,"QURU",13.9884605300226,"LF3","LF3206","alive"
NA,"12.19","12.7",NA,NA,NA,NA,NA,"ACRU",13.1311858657168,"LF3","LF3207","alive"
NA,"4.83","5.59","8.89",NA,NA,"8.3","10.1","BEAL",14.7953637332781,"LF3","LF3208","alive"
NA,"12.95","13.21",NA,NA,NA,NA,NA,"QURU",4.48480859792255,"LF3","LF3209","alive"
NA,"7.87","8.13","8.38",NA,NA,NA,NA,"ACSA",6.59559311055496,"LF3","LF3210","alive"
NA,"12.19","12.7","13.21",NA,NA,NA,NA,"ACRU",15.3069091223539,"LF3","LF3211","alive"
NA,"10.92","10.92",NA,NA,NA,NA,NA,"ACRU",2.91159791180032,"LF3","LF3212","alive"
NA,NA,NA,NA,NA,NA,"5.2","6.3","BEAL",13.716,"LF3","LF3213","alive"
NA,NA,NA,NA,NA,NA,"6","6.1","BEAL",15.7156842625449,"LF3","LF3214","alive"
NA,NA,NA,NA,NA,NA,"7.1",NA,"CADE",3.0365484880041,"LF3","LF3215","alive"
NA,NA,NA,NA,NA,NA,"5.8","6.6","BEAL",17.0388379885484,"LF3","LF3216","alive"
NA,NA,NA,NA,NA,NA,"6.2","8.7","FAGR",5.84111645492538,"LF3","LF3217","alive"
NA,NA,NA,NA,NA,NA,"5","7.3","CADE",4.90765861893429,"LF3","LF3218","alive"
NA,NA,NA,NA,NA,NA,"5.5","6.5","BELE",17.0796822452878,"LF3","LF3219","alive"
NA,NA,NA,NA,NA,NA,"7.7",NA,"BEAL",16.0686270079307,"LF3","LF3220","alive"
NA,NA,NA,NA,NA,NA,"5.7","7.7","BEAL",10.4968092980677,"LF3","LF3221","alive"
NA,NA,NA,NA,NA,NA,NA,"6.2","BELE",12.0231913500534,"LF3","LF3222","alive"
NA,NA,NA,NA,NA,NA,NA,"5.5","HAVI",8.14734448025858,"LF3","LF3223","alive"
NA,NA,NA,NA,NA,NA,NA,"5","ACRU",18.2148286184636,"LF3","LF3224","alive"
NA,NA,NA,NA,NA,NA,NA,"5.7","FAGR",5.99805820578627,"LF3","LF3225","alive"
NA,NA,NA,NA,NA,NA,NA,"6.5","FAGR",8.29425711682487,"LF3","LF3226","alive"
NA,NA,NA,NA,NA,NA,NA,"6.3","FAGR",7.63370367777005,"LF3","LF3227","alive"
NA,NA,NA,NA,NA,NA,NA,"9","FAGR",10.211937250101,"LF3","LF3228","alive"
NA,NA,NA,NA,NA,NA,NA,"5.2","FAGR",17.7374221621971,"LF3","LF3229","alive"
NA,NA,NA,NA,NA,NA,NA,"5.7","BELE",17.3046156755936,"LF3","LF3230","alive"
NA,NA,NA,NA,NA,NA,NA,"7.1","BELE",9.19086987830858,"LF3","LF3231","alive"
NA,NA,NA,NA,NA,NA,NA,"5.1","BEAL",19.246496986205,"LF3","LF3232","alive"
NA,NA,NA,NA,NA,NA,NA,"6.8","BELE",19.6270847392067,"LF3","LF3233","alive"
NA,NA,NA,NA,NA,NA,NA,"5.3","ACRU",19.6619626487286,"LF3","LF3234","alive"
NA,NA,NA,NA,NA,NA,NA,"6.9","FAGR",6.13587458802737,"LF3","LF3235","alive"
